Index,subreddit,post_time,user_name,title,text,num_comments,score,ups,upvote_ratio,downs,downvote,URL,over18
1,AskReddit,2023-05-27 08:31:06,SilverHighlight5509,"If you have lost contact with anyone in the past, who is it?",,0,1,1,1.0,0,<bound method VotableMixin.downvote of Submission(id='13t1za9')>,/r/AskReddit/comments/13t1za9/if_you_have_lost_contact_with_anyone_in_the_past/,False
2,AskReddit,2023-05-27 08:31:02,Apprehensive_Pie3862,How did Superman got those muscle if he can lift anything with no problem ?,,0,1,1,1.0,0,<bound method VotableMixin.downvote of Submission(id='13t1z91')>,/r/AskReddit/comments/13t1z91/how_did_superman_got_those_muscle_if_he_can_lift/,False
3,AskReddit,2023-05-27 08:30:49,Equivalent-Treacle39,What was your weird hobby as a kid?,,0,1,1,1.0,0,<bound method VotableMixin.downvote of Submission(id='13t1z3o')>,/r/AskReddit/comments/13t1z3o/what_was_your_weird_hobby_as_a_kid/,False
4,AskReddit,2023-05-27 08:30:19,eterind,How do you find the pace of your life?,,1,1,1,0.99,0,<bound method VotableMixin.downvote of Submission(id='13t1yrs')>,/r/AskReddit/comments/13t1yrs/how_do_you_find_the_pace_of_your_life/,False
5,AskReddit,2023-05-27 08:30:15,Ghostsarespoopy,What is the healthiest drink besides water?,,1,1,1,1.0,0,<bound method VotableMixin.downvote of Submission(id='13t1yq3')>,/r/AskReddit/comments/13t1yq3/what_is_the_healthiest_drink_besides_water/,False
6,AskReddit,2023-05-27 08:29:51,susan--Edwards1,What is your ideal age you would want to stay if you became a vampire?,,3,1,1,1.0,0,<bound method VotableMixin.downvote of Submission(id='13t1ygz')>,/r/AskReddit/comments/13t1ygz/what_is_your_ideal_age_you_would_want_to_stay_if/,False
7,AskReddit,2023-05-27 08:29:37,toonio,What's the most bizarre fact that you know?,,0,1,1,1.0,0,<bound method VotableMixin.downvote of Submission(id='13t1yci')>,/r/AskReddit/comments/13t1yci/whats_the_most_bizarre_fact_that_you_know/,False
8,AskReddit,2023-05-27 08:29:28,jendownunder,When have you ever felt 'this is too good to be true'?,,0,1,1,1.0,0,<bound method VotableMixin.downvote of Submission(id='13t1y99')>,/r/AskReddit/comments/13t1y99/when_have_you_ever_felt_this_is_too_good_to_be/,False
9,AskReddit,2023-05-27 08:29:08,oxym0roooonn,What's the most painful thing you've been told?,,0,1,1,1.0,0,<bound method VotableMixin.downvote of Submission(id='13t1y3b')>,/r/AskReddit/comments/13t1y3b/whats_the_most_painful_thing_youve_been_told/,False
10,AskReddit,2023-05-27 08:28:51,RedAndRaging,There‚Äôs a black dot when eyes are closed moving around. Any idea what that is?,,1,1,1,1.0,0,<bound method VotableMixin.downvote of Submission(id='13t1xxi')>,/r/AskReddit/comments/13t1xxi/theres_a_black_dot_when_eyes_are_closed_moving/,False
11,AskReddit,2023-05-27 08:28:12,Lost_In_Paradise6,What is the most out-of-touch-with-reality statement you have heard from someone and who said it?,,1,1,1,1.0,0,<bound method VotableMixin.downvote of Submission(id='13t1xm4')>,/r/AskReddit/comments/13t1xm4/what_is_the_most_outoftouchwithreality_statement/,False
12,AskReddit,2023-05-27 08:28:06,shraddha2022,"People who took a resolution this year and are still maintaining it, what is your resolution and how did you succeed?",,1,2,2,1.0,0,<bound method VotableMixin.downvote of Submission(id='13t1xjr')>,/r/AskReddit/comments/13t1xjr/people_who_took_a_resolution_this_year_and_are/,False
13,depression,2023-05-27 08:21:45,King_Ziminiar,I need advice,I need someone to talk to,0,2,2,1.0,0,<bound method VotableMixin.downvote of Submission(id='13t1u0z')>,/r/depression/comments/13t1u0z/i_need_advice/,False
14,depression,2023-05-27 07:48:44,Due-Violinist5278,I'm struggling. I lost the love of my life Monday night. The grief is physical pain. I made her a video to try n keep busy. Pls watch n share. Every view means her smile is on one more screen. And I'm keeping her memory alive. Thanks,"We met @ school w about 350 ppl in an auditorium. I had seen her speak and It was love at first sight. She was brilliant and beautiful and nerdy, and sarcastic, and spunky. 
I got the courage together to walk up to the podium without permission in front of 350 ppl . And I went to the mic and said. ""My names John and I'm madly in love with Victoria Vaughn! Will u go out w me""? The whole place went nuts. I got in trouble and she got embaressed. We were together after that.  Lol we both had issues w addiction. We ended up dating for 3 yrz. 

We got sober together, baptized together, and then we got engaged. We had a little tiny 1 bedroom apartment on the ocean in north Florida. And they were the greatest memories of my life. Times were simple. And no one existed on the planet except her and I. We prayed together everyday. And there was a buzz about us, because we kind of knew if we stayed sober, what an incredible team we would make.

 She was straight a, very driven and positive person. One of the hardest workers I had ever met.. AND THE ONLY WOMAN MY MOTHER AND DAUGHTER EVER APPROVVED OF...But we relapsed and fell apart. And she ended up moving to Virginia to get away from the drugs and finally b ful time mother to her son. I respected her for that. The plan was, we both get it together, and someday, we find eachother again.

 Unbeknownst to us. She had picked up drinking. And after only 4 yrs. She got cirocis of the liver. When she got ill I was luckily sober and begged to b by her side. I texted her and called her everyday. She refused to let me see her in that state. We were expecting  a liver transfer and a long road to recovery. But she passed away on Monday night due to an anuerism and then no brain function. 

I made this video to deal w the trauma n grief of being sober and never in 36 yrs feeling this way about a loss. But man am I grateful for the ability. I've lost my father, my little sister, my 2 very best friends, my boss, and my ex gf, and now my ex fiance, all to this disease. Which is why I started the reddit grp
 r/sobrietynothercoolsht in the first place. 

Here is a video I made to try and express how much I loved her. I sang it to her all the time and I changed out the chorus from ""euphoria"" to her name ""victoria"" it always made her smile. Let this b a message. This disease of addiction is running us down, no matter our condition and its slaughtering us. We have a better chance of surviving war, than we do a disease of the mind that perpetuates fear and uncertainty and emotio instability. If u r surviving today. You are a physical tangible, piece of evidence that god exists. And I am here for each and every single one that reads this msg. Dm me anytime. Because there is someone out there that feels this same way about you. Love u guys.
https://youtu.be/xBlcMXEGrm8",0,1,1,1.0,0,<bound method VotableMixin.downvote of Submission(id='13t1b02')>,/r/depression/comments/13t1b02/im_struggling_i_lost_the_love_of_my_life_monday/,False
15,depression,2023-05-27 08:18:06,jitsupigg,When it rains it pours.,"Lately, as in the last couple of weeks, I‚Äôve (M 35) been really depressed and the thought of ending my life has been on the forefront of my mind. I don‚Äôt want to workout anymore. I barely want to eat. I feel my family would be much better off if I were dead. 

It‚Äôs starting to effect my judgement. Last week at work, I did something, that at the time I felt was innocuous, but I‚Äôve always known to be stupid. Yet, I did it anyway. The wrong person saw. I got written up. And if there is any further fallout from this I will likely lose my job. Now, my coworkers are seemingly ostracizing me and won‚Äôt communicate with me. 

I already feel that I am failing as a man. I feel I am failing as a husband. Worst of all, I am failing as a father. If I lose my job I won‚Äôt be able to provide for my family. We are stretched thin as it is. My 1 yo is constantly getting sick and we‚Äôre going in and out of the hospital/Dr office. My 2 yo seemingly actively hates me and wants nothing to do with me. And to top it all off, the 25th of May, is the anniversary of my best friends suicide.  

I am having a tough time, but I don‚Äôt want my wife or anyone else to find my body.",0,2,2,1.0,0,<bound method VotableMixin.downvote of Submission(id='13t1rzy')>,/r/depression/comments/13t1rzy/when_it_rains_it_pours/,False
16,depression,2023-05-27 07:56:59,milkisanuwu,Advice (M17),"I just need some advice. I just got on summer break (for my final year of school), and I am scared. The year before when I had to be homeschooled (COVID), I was at a low point (that progressively rose overtime), but I am scared to be back at home again for the majority of my time. I am anxious that I will be depressed again, and I keep overanalysing everything I do and linking it with that dark period. The stuff I keep linking is completely unreasonable too, an example is watching shows and anime (idek how that logically would make me depressed). Do any of you have advice or sound logic for me hear and stuff?",2,2,2,1.0,0,<bound method VotableMixin.downvote of Submission(id='13t1fr2')>,/r/depression/comments/13t1fr2/advice_m17/,False
17,depression,2023-05-27 07:43:00,MiddleRest8738,Need some names,"I will be unaliving myself within 2 years.. ..Am done. No genuine friends.
.No caring family.. No love... I did self harm.. it's doesn't do sh*r.. Its.short term to let go.im that moment...
Only reason am alive is my mom, as long as she there I won't do any anyhing stupid... Any tips to Prolong my life... 
Tldr ... I needs ur tips to basically to avoid mental pain ..  I drank , did drugs and did severe self harm.  None of them even stop my mind  feeling all the paini felt and accumulated over years.

Don't report. I won't kill myself even though am dead inside",1,1,1,1.0,0,<bound method VotableMixin.downvote of Submission(id='13t17uh')>,/r/depression/comments/13t17uh/need_some_names/,False
18,depression,2023-05-27 07:12:46,ThrowAway4Venti,I'm to blame,"I know I contributed to what happened. I talked about something I shouldn't have, and now people are hurt. 

I talked to a friend about my depression, how bad it was. He had some sort of psychotic break the next day, and hurt himself and someone else. 

No one knows aside from him. And I don't think I will ever see him again. But I wish I had kept it to myself. I knew better.",1,1,1,1.0,0,<bound method VotableMixin.downvote of Submission(id='13t0qwy')>,/r/depression/comments/13t0qwy/im_to_blame/,False
19,depression,2023-05-27 07:10:45,Exxeviant,Really miss my dad.,My dad passed in 2009 of a brain tumor I'm now 26 and just had my first child my side of the family is never involved with my newborn but my wife's is always there I feel a sore loss like that's something I could never provide I wish he was here.,0,1,1,1.0,0,<bound method VotableMixin.downvote of Submission(id='13t0ppg')>,/r/depression/comments/13t0ppg/really_miss_my_dad/,False
20,depression,2023-05-27 06:52:33,selainx,i dont deserve anything except,to be tortured and killed.,1,1,1,0.67,0,<bound method VotableMixin.downvote of Submission(id='13t0ekw')>,/r/depression/comments/13t0ekw/i_dont_deserve_anything_except/,False
21,depression,2023-05-27 06:51:41,00Makerin00,My Life Is Over,"Just wanted to keep this short. I‚Äôm a 23 M living in Canada. I have no dreams, energy and social skills, and no friends during the past decade. I‚Äôm also constantly thinking of bad things that I have done in the past. I don‚Äôt mean to sound like an incel when I say this but it‚Äôs over, there‚Äôs no soul I‚Äôm just an empty shell walking the earth.",3,3,3,0.81,0,<bound method VotableMixin.downvote of Submission(id='13t0e2k')>,/r/depression/comments/13t0e2k/my_life_is_over/,False
22,depression,2023-05-27 06:29:18,existentiallystupid,Inconspicuos title,"I cant name this post anything that i actually mean because my mom is making restrictions worse. She tracks earch history, blocked all social media, wont pay cell service, blocked youtube, and any time i install something she removes it. Im 16 with no freedom. I dont have any friends. Im inside all day with nothing to do and my loneliness and suicidal thoughts are getting worse. I talked to her about all he restrictions and she outwright denied all of it to my face. She said it must be a bug or error. What if shes right? Idk anymore i just wanna talk to somebody. I havent cut myself today for the first time in weeks but im still considering it. Even though i want to talk to someone my mom set my phone to lock for the night in a few minutes. I dont think ill be able to keep myself from self harm tonight. I feel horrible idk whats wrong with me idk whats happening im so lost lonely and confused i just want a friend. When i bring up restricitons she always removes them for a bit and then puts rhem back even worse than before and i dont know if im paranoid or if im being gaslit i just want to fucking talk to someone. Gtg not like anyone will see this anyway",1,1,1,1.0,0,<bound method VotableMixin.downvote of Submission(id='13t00r2')>,/r/depression/comments/13t00r2/inconspicuos_title/,False
23,depression,2023-05-27 06:26:18,Break_Open,ugh.,"The person I am with is so narcissistic that I have to circle logic my own entire logic process because she thinks gaslighting on all her points instead makes me care about hers and nothing about mine like I just ""HAVE HALVE"" I just half to care about her half since I care about her's... I say your points have nothing to do with mine... and she gets uglier.",0,1,1,1.0,0,<bound method VotableMixin.downvote of Submission(id='13szyzb')>,/r/depression/comments/13szyzb/ugh/,False
24,depression,2023-05-27 06:25:11,OrganizedErraticism,My Disposition,"Not necessarily looking for a diagnosis as much as I am to vent-however, thoughts on what I may be experiencing are welcome.
Notes/behaviors:
1. For some time I‚Äôve been someone who becomes completely captivated by a particular thing and obsesses over it until suddenly I become disinterested. Looking back on it it‚Äôs unfortunate because there have been a lot of things if I had never stopped pursuing could have a future in. I learn the things I envelop myself in fairly quickly and it‚Äôs almost like my brain hits a threshold of satisfaction prompting me to want nothing to do with said thing anymore. Throughout the years I‚Äôve spent copious amounts of money/time into things I‚Äôve never fully pursued.
2. I‚Äôve noticed unwise purchasing decisions, mostly recently. I think this could be because I never had much to spend before recently. One of my things I picked up was trading card collecting, I‚Äôve spent a few thousand dollars on trading cards and when I get them in I never feel satisfied, I feel like I‚Äôm supposed to feel something else-yet, I keep buying them. I lost $600 sports betting today on bets I really wasn‚Äôt educated on, and lost $3k last week, thankfully gambling is something I had just picked up and am leaving behind. I amass money and it feels like I need to get rid of it, and so I spend and then I feel awful and anxious about my financial security, why?
3. Repeating actions to try and feel satisfied. Recently I‚Äôve been noticing that I‚Äôve been repeating actions such as pushing my hair back, biting my nails, picking up and putting something down until it ‚Äúfeels right‚Äù, but it never feels right and it becomes a monotonous cycle that affects my job/life and the more I think about it the more uncomfortable it makes me.
4. Obsessing over things that could be ‚Äúwrong‚Äù with me. I once spent 7 hours researching literature on schizoaffective disorder because I noticed one or two things that I seem to have related to and thought it must be what‚Äôs wrong with me. This extends to practically anything ex. Spot on skin (skin cancer), and in that moment it really feels like I have it and I believe it, I always eventually become rational and realize I don‚Äôt but when I get caught up in this catastrophic type mentality it becomes debilitating. Believing that something catastrophic is wrong with me or a loved one creates a subconscious perception that the rest of my life is meaningless.
5. Alcoholism- I just completed my graduate degree and looking back on my last few years in college I can‚Äôt put together more than a three day consecutive span where I was completely sober. This scares me and I tell myself drinking every other day or every two days is okay-but it‚Äôs not. 
6. Purpose/The future- I have two degrees, the latter of which I finished first in my class. I‚Äôve had some great job opportunities but for some reason am settling for mediocrity. I‚Äôve even had a few Professor go out of there way to have people in my industry interview me- all of which I missed or never contacted back and the shame I would feel after blowing these opportunities is immense, but yet I keep doing it. Now I need a good job, the clock is ticking, and I don‚Äôt have one. I often think about what the point is or why I‚Äôm here and the lack of a fulfilling answer cripples me.",0,2,2,1.0,0,<bound method VotableMixin.downvote of Submission(id='13szy9w')>,/r/depression/comments/13szy9w/my_disposition/,False
25,depression,2023-05-27 06:15:47,tannahxoxo,I used to be so positive,I used to be such a positive person. Now I can‚Äôt stop negative thoughts and thinking about worse case scenarios. I have little energy. I just feel like I‚Äôm going through the motions üò¢,2,2,2,1.0,0,<bound method VotableMixin.downvote of Submission(id='13szsmh')>,/r/depression/comments/13szsmh/i_used_to_be_so_positive/,False
26,depression,2023-05-27 06:14:08,Anxious-Ad-4763,not suicidal but i wish to die everyday,"every single aspect of my life is shitty,
The weird thing i know how to fix my life

for example:
Like i hate my body but i know I can have  an amazing body if i just worked out for 3 months.....
it's not just hating my body i can't find my purpose in life

but i have no energy no purpose to do anything in my life , i don't want to be dramatic but every single time i go to sleep i wish not to wake up, and everytime i wake up i get little bit sad that i Woke up !

there's no self harm i just gave up life and can't get it back , nothing matters im cold AF and losing emotions everyday


im venting and hoping if someone explain what happened to my brain suddenly i switched from an enthusiastic person to someone who (have + going to ) give up in every single challenge , and failed everything in life from Education - Relationship - Work 

ps : im going to be homeless soon i got rent due and can't get my ass to apply for a job and probably will not",0,1,1,1.0,0,<bound method VotableMixin.downvote of Submission(id='13szriw')>,/r/depression/comments/13szriw/not_suicidal_but_i_wish_to_die_everyday/,False
27,depression,2023-05-27 06:08:57,BipolarDisorderly,What if I never find peace in my lifetime?,"I've always been able to find pleasure in life, I just don't know if I've ever enjoyed it. It's gotten a lot worse where, it's pretty apparent I'm not enjoying life at all no matter what I do. I made a vow to myself though when I first started dealing with depression and suicidal thoughts where I made the decision that I would never give up no matter how bad things got. And I never have, because I believe our lives are short enough that I could endure an entire lifetime of suffering even if I'm only doing it just to find out if things will get better. Which brings me to my point... What if things actually do never get better?

&#x200B;

That's the reality I'm trying to prepare myself for, because what if that's just the way I am? That I'm just someone who can't enjoy life? How do I find any meaning in life then?",2,6,6,1.0,0,<bound method VotableMixin.downvote of Submission(id='13szo4x')>,/r/depression/comments/13szo4x/what_if_i_never_find_peace_in_my_lifetime/,False
28,Anxiety,2023-05-27 08:15:36,Pokegirl1992,Will I ALWAYS feel palpitations?,"I never felt them (only during my period) until I had a breakdown (depression/anxiety based) in September, so nearly a year ago now & I‚Äôve had them pretty much everyday since.. I‚Äôve had all the tests necessary & been told I have sinus tachycardia detected on ECG but otherwise my heart is healthy. I notice now that whenever I feel stressed/anxious I feel them a lot more, but sometimes I will get some out of the blue when I don‚Äôt think I feel particularly anxious that take my breath away & it‚Äôs really scary. I don‚Äôt understand how I can not have felt them for basically 30 years other than occasionally when on my period to now feeling them everyday for the last 6 months or so! It‚Äôs SO hard to convince myself there isn‚Äôt something seriously wrong.. Help?",0,1,1,1.0,0,<bound method VotableMixin.downvote of Submission(id='13t1qo6')>,/r/Anxiety/comments/13t1qo6/will_i_always_feel_palpitations/,False
29,Anxiety,2023-05-27 08:07:53,arevaluable,Need some help,"Hi guys! I (F,24) am taking an exam in a few weeks for which I‚Äôve been studying for more than 2 years so it‚Äôs a serious one. 

I tend to pass out when I‚Äôm on my period/ it‚Äôs hot/ I have been standing up for too long/ feel anxious. 

In order to avoid this i thought I might as well add some salt and water to my bottle water during my exam as they only allow us to have a water bottle on our table.  

Any advice on whether this is a good idea/ how much sugar/ salt I should add or if I should do something different?

Thank you üíô",0,2,2,1.0,0,<bound method VotableMixin.downvote of Submission(id='13t1m4j')>,/r/Anxiety/comments/13t1m4j/need_some_help/,False
30,Anxiety,2023-05-27 08:05:40,i_hate_you_and_you,Headache making me worried,"I‚Äôm 18M. Ever since last day I‚Äôve had a tension headache, it is prominent in my forehead and the back of my head, but it kind of changes too. This morning it is worse. Not horrible, but moderate. I‚Äôm worried it is a brain tumor ot something omg I don‚Äôt want to die :( Could someone just tell me I won‚Äôt die?",0,1,1,1.0,0,<bound method VotableMixin.downvote of Submission(id='13t1kum')>,/r/Anxiety/comments/13t1kum/headache_making_me_worried/,False
31,Anxiety,2023-05-27 08:05:02,Simple-Wrongdoer-650,My nausea is starting to go away on its own a little I think!,"
Last time I took my nausea pill was five hours ago but even though it‚Äôs going on day 5 of nausea I‚Äôm glad that it seems like I‚Äôm able to down food and water :) I was really really worried some hours ago that I would you-know‚Ä¶ and I haven‚Äôt. And hopefully I‚Äôll go to prom today and continue feeling better",2,2,2,1.0,0,<bound method VotableMixin.downvote of Submission(id='13t1kg9')>,/r/Anxiety/comments/13t1kg9/my_nausea_is_starting_to_go_away_on_its_own_a/,False
32,Anxiety,2023-05-27 08:02:50,milkisanuwu,Advice,"Hey, so I need some advice. I just got on summer break, and I am really anxious. Last year I had to do homeschooling (COVID) and I feel scared being back at home more.  At the start of COVID I was severely depressed and I gradually improved overtime, this year being the best most normal year of my life. I keep overanalysing everything I do during the day scared that I will end up back where I was at the start of COVID. I just need some sound logic and advice on it ig. I keep relating things I do now (like very normal things) back to that depressed period of my life. Stuff like watching shows or anime, and I keep subconsciously thinking that if I do these things that I will be depressed. What can I do?",0,1,1,0.99,0,<bound method VotableMixin.downvote of Submission(id='13t1j8z')>,/r/Anxiety/comments/13t1j8z/advice/,False
33,Anxiety,2023-05-27 07:53:41,Funny_Pen5306,My Night Nausea is Becoming debilitating..,"At the moment I‚Äôm sitting in the corner of my and my Fianc√©s hotel room with a cold fan blowing and circulating the room. We are going to a big convention with family tomorrow and I‚Äôm wondering if that‚Äôs the cause. I have a big fear of nausea and puking ever since I got food poisoning as a kid. I‚Äôm very cautious with what I eat throughout the day, and always check the expiration on everything. No matter if it‚Äôs a day over or the day of the expiration I immediately throw it out. 

The hotel food was good don‚Äôt get me wrong, but it wasn‚Äôt exactly in my ‚Äúsafe foods‚Äù for t my stomach issues. I thought it would be okay but it just isn‚Äôt. I‚Äôm not gonna quickly blame the food though because I don‚Äôt feel nauseous whatsoever right now. I keep just Psyching myself out and making myself think I feel that way. In the last hour I‚Äôve brought on at least 3 waves of ‚Äúnausea‚Äù  on to myself and I feel like an idiot for it. Im just wondering if my anxiety and nausea comes from the thought of doing something big the next day, with a lot of people around. Or it‚Äôs something in my stomach itself. If anyone has any recommendations for what I can try to do that‚Äôd be great. Im just out of ideas completely.",0,1,1,1.0,0,<bound method VotableMixin.downvote of Submission(id='13t1dvl')>,/r/Anxiety/comments/13t1dvl/my_night_nausea_is_becoming_debilitating/,False
34,Anxiety,2023-05-27 07:38:24,Accomplished_Fixx,I am frustrated and can't find anything like this.. Help please,"Hello everyone,

I get heavy anxity attack when trying to chat with my close friend who I met online since long time ( I used to chat with her daily but this issue didn't exist). I notice this issue comes when I chat particularly girls but not all of them. Although I don't feel worried while texting. 

Yet there are physical symptoms as muscle aches, chest tightness and brainfog and sometimes full collapse by simply sending a message or reading the messages in the chat window. They persist for sometime..

I noticed similar issue starting since 2021, when I studdenly started getting this feeling with some girls i chat with online. But wasn't noticed much and fine most of the time. Now it is getting worse, the whole chat is very friendly.

Based on my search it seems something related to hyperstimulation anxiety that could be linked to such event.

On real life I don't feel such symptoms although I sometimes feel nervous when chatting to a girl but I really do it and don't care at all and no symptoms.

I used to have general anxiety and social anxiety before but I used to expose myself to the event and it would ease as I challenge it and feel awesome later. But this situation doesn't look similar even with the symptoms.


Any suggestion? It is really frustrating..


Thank you",1,2,2,1.0,0,<bound method VotableMixin.downvote of Submission(id='13t15ed')>,/r/Anxiety/comments/13t15ed/i_am_frustrated_and_cant_find_anything_like_this/,False
35,Anxiety,2023-05-27 07:35:05,CoolerPenguin78,Another set back,"Had another set back tonight. I‚Äôm once again awake at 8am becaus of insomnia. I went to bed at 12am and woke up at 3am and couldn‚Äôt get back to sleep. Finally went back to bed and had heart palpitations that made me jump out of bed. This is probably my fourth or fifth set back in the last two weeks. 

I‚Äôve been doing really well with recovery and keep getting set backs. I know this is another one and I‚Äôll overcome it when I eventually get some sleep. 

Just want to post this to encourage people to keep pushing when facing set backs. I‚Äôve had many set backs and overcame them all. It‚Äôs getting easier every time too. I‚Äôm now just in bed waiting to fall asleep while writing this. I still feel anxious at the minute but that‚Äôs all that it is. 

I‚Äôve overcome severe anxiety multiple times in 19 years of life and it comes back every few years. I had it again a few weeks ago and now I‚Äôm seeing the light again. Take it from someone that has beaten anxiety multiple times. It does get easier with time and patience. You just have to believe it will. Set backs will happen and they will be disheartening but as long as you don‚Äôt let the set backs become failures then you will be fine. Keep fighting. You got this!",0,1,1,1.0,0,<bound method VotableMixin.downvote of Submission(id='13t13kk')>,/r/Anxiety/comments/13t13kk/another_set_back/,False
36,Anxiety,2023-05-27 07:27:40,Caitm8911,Feeling ignored. (This is may have gone on a tangent),"For the past 2 years, I've been talking to my dad about getting my drivers license. He promised he would take me to do a G1 test as soon as I was able to. The day came where I was able to and he initially said that I couldn't do my drivers test unless my brother did too (for context, my brother has said his whole life that he doesn't want to get his drivers license). After arguing with him and talking with my brother, he suddenly moved to the topic of how I'm missing school too often, so he won't take me to do my G1, until I start showing up to school. He's been saying this since November 2022 and its extremely irritating and kind of makes me feel like I'm being ignored. 

I have an anxiety disorder and I have a really difficult time with leaving the house. I've always been like this and he's never understood, but now that I have a diagnosis and I'm more open about how I'm feeling, I was hoping he'd be more understanding. My anxiety has gotten bad recently and I haven't been showing up to school at all. I've been asking if he could at least take me to go drive, as I haven't driven in months (winter roads are not great). He says he'll take me once I show up to school. What I don't think he's grasping is the fact that I am not choosing to stay home. Like I guess I am, but it's not like I wake up and think ""school sucks I'm not going today"". Its more of me panicking the second I wake up. The other morning I literally started sobbing when asking my dad to let me stay home. Despite his knowledge of how horrible I've been feeling, he still insists he won't do anything for me until I go to school. I think he believes that it'll motivate me, but it's really making me feel ignored. 

I just wish he'd take me and my mental health seriously, instead of telling me I'm just ""irresponsible"" and ""lazy"". 

It's frustrating when someone who's supposed to support you, is brushing you off. I've had countless discussions about my mental health with him, last year my dad literally watched me have panic attacks multiple times a day, and it feels like he still doesn't get what I am dealing with. I don't expect him to fully understand, but I want him to at least try and empathize.

I feel the need to tell someone about this, but I don't want to irritate my friend. I plan on bringing it up to my dad, I'm just worried I'm going to end up crying in front of him or something. Which I guess it's okay, but it's not something my family really does. I don't know, it just feels wrong.",0,1,1,0.99,0,<bound method VotableMixin.downvote of Submission(id='13t0zd4')>,/r/Anxiety/comments/13t0zd4/feeling_ignored_this_is_may_have_gone_on_a_tangent/,False
37,Anxiety,2023-05-27 07:27:39,Acrobatic-Salt-8282,Need someone to talk to,I suddenly bursted into tears after suddenly feeling like i cant breathe,0,1,1,0.99,0,<bound method VotableMixin.downvote of Submission(id='13t0zcx')>,/r/Anxiety/comments/13t0zcx/need_someone_to_talk_to/,False
38,Anxiety,2023-05-27 07:26:06,Loud_Jeweler_1774,I can't reason with my anxiety,"Tonight I just realized that I can't cope with my anxiety by just trying to reason with myself. I HAVE to ignore it with all my strength. People have told me this several times but I thought I could just try to understand the issue better.
How long does it take of me ignoring the fear which in this case is sleep. Until the fear goes away?",0,1,1,1.0,0,<bound method VotableMixin.downvote of Submission(id='13t0yht')>,/r/Anxiety/comments/13t0yht/i_cant_reason_with_my_anxiety/,False
39,Anxiety,2023-05-27 07:22:08,Delicious_Treat_7769,Anyone else,"Anxiety hasnt been as bad but for some reason negative thoughts still race my mind. At times or most times im scared to fall asleep and when i am able to i seem to wake up freaking out then being upset that i did fall asleep. I know the body needs rest. Thats a no brainer, but why do i have to be scared thinking i wont wake up the next day üòî",0,1,1,1.0,0,<bound method VotableMixin.downvote of Submission(id='13t0w9c')>,/r/Anxiety/comments/13t0w9c/anyone_else/,False
40,Anxiety,2023-05-27 07:09:13,Straight_Crew_8592,Deja vu help,"Hello I have asked a lot but I get really bad Deja vu and I‚Äôm starting to feel like these are my last days that‚Äôs why I‚Äôm getting it, my Deja vu is so strong and I get it atleast 3/4 times a day it‚Äôs scary, and I suffer with derealsation and depersonalisation, anxiety and panic attacks. 
I‚Äôm thinking one day when I get hit with Deja vu it‚Äôs going to hit me to strongly it will kill me or something. 
Pls help",0,1,1,1.0,0,<bound method VotableMixin.downvote of Submission(id='13t0ot6')>,/r/Anxiety/comments/13t0ot6/deja_vu_help/,False
41,Anxiety,2023-05-27 06:51:41,WonderTwin82,"Anxiety, sensitivity, ADHD , plus kids on spectrum and in FL.","I'm struggling so much with so much especially in Florida right now. I have my own diagnosis and working so hard, but still getting triggered all the time (also family of color). Also going through divorce for over a year and two teenagers with ADHD, OCD, anxiety and one trans kid. Every time I think I got everything under control, it just all comes crashing down. Terrible anxiety with shakes and heart palpitations, night sweats and a bunch of other issues. I don't even have health care anymore and trying to make sure my kids do. And especially protecting my 18 year old trans kid at all costs. It's hard to not feel guilty about not even being able to hold down a job because I crumble into a hot mess of anxiety plus ADHD with all this crazy stuff happening everyday and others not understanding. And ultimately just trying to be there for myself and my kids. Especially because it's ultra triggering in FL right now if you are anything ""extra"" or ""different "" and on a spectrum. It's truly scary. Just venting and thanks for listening!",0,1,1,1.0,0,<bound method VotableMixin.downvote of Submission(id='13t0e2q')>,/r/Anxiety/comments/13t0e2q/anxiety_sensitivity_adhd_plus_kids_on_spectrum/,False
42,Anxiety,2023-05-27 06:43:40,ifeelgreatiswear,Is anxiety real?,"What are your opinions? I know panic attacks are serious and impactful events, so I‚Äôm not talking about those. But it seems like a lot of the anxiety posts in here are just due to over worrying or worrying about things you can‚Äôt control. Maybe due to being sheltered/lack of adversity/personality traits.",5,0,0,0.5,0,<bound method VotableMixin.downvote of Submission(id='13t09b0')>,/r/Anxiety/comments/13t09b0/is_anxiety_real/,False
43,cats,2023-05-27 08:30:31,n0mn0,Why does my cat sleep like this?,What does the tail position mean? He‚Äôs purring really loud and seems affectionate but the tail position always makes me wonder what he means by it. This is a very common position for him to sleep in.,1,1,1,1.0,0,<bound method VotableMixin.downvote of Submission(id='13t1yxe')>,/r/cats/comments/13t1yxe/why_does_my_cat_sleep_like_this/,False
44,cats,2023-05-27 08:28:17,Heatontribe,Are they fighting?,"Cookie - Kitten (Tabby/Bengal) 7 Months, Male Neutered Recently, Currently Teething
Peggy - Adult (Tortoiseshell) 5 Years, Female, Spayed, Missing Back Leg

Our two cats have recently started fighting/playing like this whenever Cookie is zoomy. Is it an actual fight or rough play? More importantly should I intervene or not?

Background: We got Cookie about 5 months ago and tried to introduce them slowly, with some mixed results. Cookie spent a while chasing Peggy lots at 3 months but had calmed down for a bit and was mostly leaving her alone. They mostly use different parts of the house. Peggy mostly finds a quiet spot and sleeps, whereas Cookie sits with us and demands play and affection. This level of interaction is fairly new, previously cookie would chase a little and Peggy would find a high spot (like a chair) and swat him away, but the hissing is now a lot more aggressive and Peggy seems to be fighting back more too.

Should I intervene or not?",1,1,1,1.0,0,<bound method VotableMixin.downvote of Submission(id='13t1xo0')>,/r/cats/comments/13t1xo0/are_they_fighting/,False
45,cats,2023-05-27 08:23:11,flappynslappy,"This is normally her spot and hers alone. But even if her man is on it, she still squeezes herself onto the chair",,2,4,4,1.0,0,<bound method VotableMixin.downvote of Submission(id='13t1uu1')>,/r/cats/comments/13t1uu1/this_is_normally_her_spot_and_hers_alone_but_even/,False
46,cats,2023-05-27 08:06:14,MildlyAnxiousRaccoon,How cautiously optimistic should we be? Possible lymphoma or bacterial infection? Enlarged spleen.,"Hello,

We have had an eventful week. Our sweet 8 year old girl suddenly started experiencing vomiting and diarrhea and was extremely lethargic. 4-5 hours after she first vomited and wasn‚Äôt getting any better, we took her the emergency animal hospital. 

They did blood work and imaging and she had elevated white blood cell count as well as an enlarged spleen (2.5cm). The vet suspected either lymphoma (worst case scenario) or a nasty bacterial infection (best case scenario). She had lost about 1.3 lbs since her check up in January (although we did move states in that time and also moved to a place with much more space). They gave her an antibiotic injection and tablets as well as fluids and they took a fine needle aspirate sample of her spleen to be tested. Originally they told us 24-48 hours for results to come back. Today they told us there was an issue and the slides couldn‚Äôt be read digitally so they needed to manually mail the samples to the lab and results won‚Äôt be available for 7-10 business days. (Kind of scary since untreated lymphoma can take a cat in a matter of weeks and we will be spending two of those weeks waiting for cytosis results.)

After we got home from the vet, our baby got worse. She could barely lift her head, stopped purring, and couldn‚Äôt eat or drink anything. But around 12 hours after her antibiotic injection she started moving around a little more and at 24 hours she was almost back to her normal self. At 48 hours, she is still a bit weak but she‚Äôs trotting around, responding to her name, purring, grooming, using the litter box, chirping, and eating/drinking well (all things she couldn‚Äôt do before). 

We‚Äôre driving ourselves crazy waiting for the cytology results which won‚Äôt be in for another week and a half. 

We‚Äôre being hopeful that it really was just an infection and she‚Äôs recovering. I can‚Äôt imagine the antibiotics would be making her feel better if it was cancer? But I‚Äôm still worried that maybe it‚Äôs just a momentary improvement and she‚Äôll go downhill again. 

The severity of the bacterial infection if that‚Äôs what it truly was is very alarming. She went from totally fine to not being able to lift her head within ~8 hours. We have no idea how she could have contracted it. She‚Äôs indoor only. Any advice on how to prevent reinfection? 

We have completely replaced her litter and litter box and bought a new water fountain. I‚Äôm washing all her bedding in hot, soapy water and we washed all her food bowls. Any other precautions you would recommend? 

Any experience or advice would be helpful, we‚Äôre going crazy waiting for her results!",1,1,1,1.0,0,<bound method VotableMixin.downvote of Submission(id='13t1l6p')>,/r/cats/comments/13t1l6p/how_cautiously_optimistic_should_we_be_possible/,False
47,cats,2023-05-27 07:57:09,MellyKidd,She loves fresh faucet water üíï,Finally got this on video.,6,3,3,1.0,0,<bound method VotableMixin.downvote of Submission(id='13t1ftz')>,/r/cats/comments/13t1ftz/she_loves_fresh_faucet_water/,False
48,cats,2023-05-27 07:51:06,Cantenglishproberly,He is up to something,,5,11,11,1.0,0,<bound method VotableMixin.downvote of Submission(id='13t1ce7')>,/r/cats/comments/13t1ce7/he_is_up_to_something/,False
49,cats,2023-05-27 07:38:04,archerpar86,My girl isn‚Äôt doing well. Need advice. (More in comments),,4,5,5,1.0,0,<bound method VotableMixin.downvote of Submission(id='13t1584')>,/r/cats/comments/13t1584/my_girl_isnt_doing_well_need_advice_more_in/,False
50,cats,2023-05-27 07:31:52,ellhulto66445,I was able to get a photo of him licking his mouth/nose,,2,5,5,1.0,0,<bound method VotableMixin.downvote of Submission(id='13t11s4')>,/r/cats/comments/13t11s4/i_was_able_to_get_a_photo_of_him_licking_his/,False
51,cats,2023-05-27 07:27:53,acceptablemadness,My 8yo boy is completely toothless. Any advice caring for him with this special need?,"He has stomatitis and it flared up again even after molar extractions, so today the vet pulled every remaining tooth.  He handled anesthesia fine and has been drinking water, licked some gravy off the pate we offered him.  This is the first time I've ever had cat with a medical condition and I'm worried I'll mess something up.",4,7,7,1.0,0,<bound method VotableMixin.downvote of Submission(id='13t0zgx')>,/r/cats/comments/13t0zgx/my_8yo_boy_is_completely_toothless_any_advice/,False
52,cats,2023-05-27 07:24:20,the_Cringename,Food hunting in our household,,2,4,4,1.0,0,<bound method VotableMixin.downvote of Submission(id='13t0xh9')>,/r/cats/comments/13t0xh9/food_hunting_in_our_household/,False
53,cats,2023-05-27 07:20:56,SamoBlammo3122,Bedroom Tax.,Now she's taken over my bedroom ü§£üê±,1,7,7,1.0,0,<bound method VotableMixin.downvote of Submission(id='13t0vi6')>,/r/cats/comments/13t0vi6/bedroom_tax/,False
54,cats,2023-05-27 06:46:27,mobambah,Why are cats in Japanese cat caf√©s so big?,"I visited a cat cafe in Tokyo and all the cats were incredibly big. They weren‚Äôt fat, their heads are bodies were 2-4 times bigger than the cats I‚Äôm used to seeing in other countries and my own cat. 
 
Is there a reason for this? Do they specifically take huge cats only?",6,15,15,0.94,0,<bound method VotableMixin.downvote of Submission(id='13t0azh')>,/r/cats/comments/13t0azh/why_are_cats_in_japanese_cat_caf√©s_so_big/,False
55,cats,2023-05-27 06:38:55,LifeLoveChanel,have nice day ü§çüêà,,8,22,22,0.97,0,<bound method VotableMixin.downvote of Submission(id='13t06gm')>,/r/cats/comments/13t06gm/have_nice_day/,False
56,cats,2023-05-27 06:24:44,3220616d,Richard,,4,26,26,0.95,0,<bound method VotableMixin.downvote of Submission(id='13szy10')>,/r/cats/comments/13szy10/richard/,False
57,cats,2023-05-27 06:13:52,leotheabys,Meowssion Impawssible,,3,16,16,0.95,0,<bound method VotableMixin.downvote of Submission(id='13szrd3')>,/r/cats/comments/13szrd3/meowssion_impawssible/,False
58,askscience,2023-05-27 03:30:38,ciennatoast,How do cancer vaccines stand out from other strategies with immunotherapy?,"I‚Äôve been seeing new developments with cancer vaccines recently (particularly new developments with vaccines of pancreatic and brain cancers) and have been wondering how this differs from standard immunotherapy approaches? Are these vaccines a result of refining current immunotherapy practices?

And as sort of a bonus question, would these vaccines make a breakthrough to treating most cancer cases? I‚Äôve heard some say that these vaccines are more like stop gaps than an actual tool for complete remission, but it sounds promising given that the vaccines can be personalized.",3,14,14,0.75,0,<bound method VotableMixin.downvote of Submission(id='13swtv5')>,/r/askscience/comments/13swtv5/how_do_cancer_vaccines_stand_out_from_other/,False
59,askscience,2023-05-25 20:51:22,blueenigma88,Why is the HIV transmission rate through shared needles with an HIV+ person LOWER than having unprotected receptive anal sex with an HIV+ penetrative partner?,"I have seen studies from CDC where they say the transmission rate per act for unprotected receptive anal sex with a  positive partner is 1-1.3%.

The transmission rate for using a needle contaminated with HIV+ blood is 0.6%. 

I would have thought transmitting the HIV+ of blood directly into someone else's blood with a needle that contains live virus particles would be >90% infection.",2,9,9,0.73,0,<bound method VotableMixin.downvote of Submission(id='13rsz05')>,/r/askscience/comments/13rsz05/why_is_the_hiv_transmission_rate_through_shared/,False
60,askscience,2023-05-26 06:43:54,thee_lad,Why hasn't anyone looked into building a super wind turbine in tornado alley?,Would this be possible if energy storge became more advanced? Could we also utilize the energy from powerful weather systems around the world?,11,0,0,0.32,0,<bound method VotableMixin.downvote of Submission(id='13s5l2f')>,/r/askscience/comments/13s5l2f/why_hasnt_anyone_looked_into_building_a_super/,False
61,askscience,2023-05-26 09:38:19,ch1214ch,How can a nerve that detects temperature be tuned to fire based on the speed at which air molecules are moving against our skin.. how would that even work?,,8,14,14,0.76,0,<bound method VotableMixin.downvote of Submission(id='13s8fq9')>,/r/askscience/comments/13s8fq9/how_can_a_nerve_that_detects_temperature_be_tuned/,False
62,askscience,2023-05-26 11:18:18,NeverCouple,Would passing systematic prophylactic CT scans to the population looking for abnormalities be a good thing from a public health point of view?,"imagine that after a certain age, a whole body scanner is offered to the population to detect any anomaly (aneurysm, cancer...), would that be beneficial?",17,11,11,0.75,0,<bound method VotableMixin.downvote of Submission(id='13sacwc')>,/r/askscience/comments/13sacwc/would_passing_systematic_prophylactic_ct_scans_to/,False
63,askscience,2023-05-26 13:31:06,LunarSolar1234,Can we synthesise an enzyme specifically for taking down prions or amylase buildups?,"(I did tag this as ‚ÄúBiology‚Äù because there is no bio-chemistry category.)

I know that prions fold and this means that they cannot destroyed by protease. But could it be possible to synthesise an enzyme specifically for taking down these prions, and leaving the regulars alone, to stop the progression of CJD?",7,16,16,0.7,0,<bound method VotableMixin.downvote of Submission(id='13sdci1')>,/r/askscience/comments/13sdci1/can_we_synthesise_an_enzyme_specifically_for/,False
64,askscience,2023-05-25 17:32:09,thermal7,"Why is it that the further north you go, the more intense the mosquitoes are?",,13,0,0,0.45,0,<bound method VotableMixin.downvote of Submission(id='13rnwyd')>,/r/askscience/comments/13rnwyd/why_is_it_that_the_further_north_you_go_the_more/,False
65,askscience,2023-05-26 08:23:17,Few_Mango5824,Is the Hepatitis A and B vaccine Twinrix still the same as it was 1997 or do they update it like a covid vaccine?,,64,1374,1374,0.92,0,<bound method VotableMixin.downvote of Submission(id='13s78wu')>,/r/askscience/comments/13s78wu/is_the_hepatitis_a_and_b_vaccine_twinrix_still/,False
66,askscience,2023-05-25 18:58:03,katyusha_SK,why do immune complex and antibodies accumulate in joints during an infection?,"today we had a virology lecture and one of the symptoms of the infection was Arthralgia the professor explained that this joint pain is due to accumulation of immune complex or antibodies in the joints?  I need a further explanation but I didn't find articles or books that give more answers especially to WHY they accumulate in the joints and not another location 
do you have any source suggestions ( english or french )
**excuse my words if they aren't scientifically accurate as I do my studies in french",45,970,970,0.92,0,<bound method VotableMixin.downvote of Submission(id='13rq3g7')>,/r/askscience/comments/13rq3g7/why_do_immune_complex_and_antibodies_accumulate/,False
67,askscience,2023-05-25 05:02:43,smilefodacamera,"If someone with a small nose reproduces with a larger nosed person, what happens?","Will the offspring have either their father or mothers nose? Why do certain people seem like they have a mix between the two? Because one of their relatives has their nose (gma, gpa)? It isn‚Äôt literally a mix of the two noses right? I apologize if this seems silly. Does the same go for eye color? If a blue eyed person and brown eyed person reproduce, if their child doesn‚Äôt have either blue or brown, it isn‚Äôt a true mix of blue and brown, but just the eye color of a relative?",6,0,0,0.38,0,<bound method VotableMixin.downvote of Submission(id='13r8gjg')>,/r/askscience/comments/13r8gjg/if_someone_with_a_small_nose_reproduces_with_a/,False
68,askscience,2023-05-25 06:24:21,chrismnola,"Why do old people have issues due to their cells being ‚Äúa copy of a copy‚Äù, but that‚Äôs not an issue when a new person is created?","I understand that your genetic makeup comes from a combination of both parents, but isn‚Äôt that combination still just a copy to some extent?",247,1546,1546,0.88,0,<bound method VotableMixin.downvote of Submission(id='13r9vxp')>,/r/askscience/comments/13r9vxp/why_do_old_people_have_issues_due_to_their_cells/,False
69,askscience,2023-05-24 15:03:31,benthe27thgamer,Do humans go mad/aggressive when they get Rabies like animals do?,,12,16,16,0.72,0,<bound method VotableMixin.downvote of Submission(id='13qo6lp')>,/r/askscience/comments/13qo6lp/do_humans_go_madaggressive_when_they_get_rabies/,False
70,askscience,2023-05-24 11:53:03,Affectionate_Pay_391,"Volcanic eruptions, global warming and global ‚Äúcooling!?‚Äù","I have seen a few videos recently of volcanos erupting. It is my understanding that volcanic eruptions can cause a VERY slight cooling effect on the earth because of the chemicals they shoot into the atmosphere and the amounts of them. But I‚Äôm wondering about something a little more abstract. 

If the surface temperature of the earth is increasing, even slightly, due to the many factors that contribute to it, would the core of the earth also be increasing in heat? If so, Is there any way to know what 1 degree Celsius increase of surface temp would equate to in terms of the core of the earths temperature rising? Or is this concept fundamentally wrong?

If it‚Äôs not wrong, could an increase in the earths core temperature increase the frequency of volcanic eruptions, ultimately leading to more global ‚Äúcooling‚Äù due to the effect of volcanic eruptions?",10,12,12,0.67,0,<bound method VotableMixin.downvote of Submission(id='13qjd4d')>,/r/askscience/comments/13qjd4d/volcanic_eruptions_global_warming_and_global/,False
71,askscience,2023-05-24 00:16:56,creamy_cheeks,"if a mosquito drinks the blood of an intoxicated person, does it poison the mosquito?","I understand that the answer would vary based on intoxicant and level of intoxication.  I'm just curious.  

Say a person is severely drunk on alcohol, or say something more intense such as heroin.  Would it harm/kill the mosquito?  How much would a person have to consume to achieve mosquito lethality?",6,15,15,0.83,0,<bound method VotableMixin.downvote of Submission(id='13q5lae')>,/r/askscience/comments/13q5lae/if_a_mosquito_drinks_the_blood_of_an_intoxicated/,False
72,askscience,2023-05-24 14:00:13,AutoModerator,"Ask Anything Wednesday - Physics, Astronomy, Earth and Planetary Science","Welcome to our weekly feature, Ask Anything Wednesday - this week we are focusing on **Physics, Astronomy, Earth and Planetary Science**

Do you have a question within these topics you weren't sure was worth submitting? Is something a bit too speculative for a typical /r/AskScience post? No question is too big or small for AAW. In this thread you can ask any science-related question! Things like: ""What would happen if..."", ""How will the future..."", ""If all the rules for 'X' were different..."", ""Why does my..."".

**Asking Questions:**

Please post your question as a top-level response to this, and our team of panellists will be here to answer and discuss your questions. The other topic areas will appear in future Ask Anything Wednesdays, so if you have other questions not covered by this weeks theme please either hold on to it until those topics come around, or go and post over in our sister subreddit /r/AskScienceDiscussion , where every day is Ask Anything Wednesday! Off-theme questions in this post will be removed to try and keep the thread a manageable size for both our readers and panellists.

**Answering Questions:**

Please only answer a posted question if you are an expert in the field. [The full guidelines for posting responses in AskScience can be found here](http://www.reddit.com/r/askscience/wiki/index#wiki_answering_askscience). In short, this is a moderated subreddit, and responses which do not meet our quality guidelines will be removed. Remember, peer reviewed sources are always appreciated, and anecdotes are absolutely not appropriate. In general if your answer begins with 'I think', or 'I've heard', then it's not suitable for /r/AskScience.

If you would like to become a member of the AskScience panel, [please refer to the information provided here](https://www.reddit.com/r/askscience/about/sticky).

Past AskAnythingWednesday posts [can be found here](http://www.reddit.com/r/askscience/search?q=flair%3A%27meta%27&restrict_sr=on&sort=new&t=all). Ask away!",47,86,86,0.88,0,<bound method VotableMixin.downvote of Submission(id='13qmk9i')>,/r/askscience/comments/13qmk9i/ask_anything_wednesday_physics_astronomy_earth/,False
73,AmItheAsshole,2023-05-27 08:22:12,throwra343409,"WIBTA if i (24F)left my boyfriend (24M) over just him saying ""everybody loves chase""?","My boyfriend used to be so loving so caring he used to write me letters and used to appreciate everything i did for him. We've been in a relationship since 5 years. He used to wait for my calls. He used to melt over my kisses. He used to take care of me whenever i fell sick. We were so good to each other. I'll admit that i wasn't immediately in love but now I'm so dedicated towards him.

Now i feel devastated everytime he asks me ""what have i ever done for him"". I used to take care of him too but it was appreciated before but it's just something that he won't even look twice upon. I buy him gifts but he doesn't appreciate. Today i read one of his letters and asked him that you used to be so innocent. And used to write about everything we did and how you loved everything about me. To that he said ""everybody loves chase"" these three words have broken me to my core. I'm not able to talk to him since then. How is it fair? That the love he's getting from me is boring now. It's been six months now and I've been crying to him about it once every month that he has changed. He just shuts me off by saying that we've just matured. 

How my change is filled with love and his change is distance and neglect. 
Aita for taking it too seriously?",6,2,2,1.0,0,<bound method VotableMixin.downvote of Submission(id='13t1u9n')>,/r/AmItheAsshole/comments/13t1u9n/wibta_if_i_24fleft_my_boyfriend_24m_over_just_him/,False
74,AmItheAsshole,2023-05-27 08:18:07,mrx347,AITA For refusing to vaccinate my child?,"I've made the personal decision not to vaccinate my child. I've done extensive research, consulted alternative health practitioners, and weighed the risks and benefits. I genuinely believe that vaccines pose more harm than good, and I'm taking a stand to protect my child's well-being.

However, friends, family, and even healthcare professionals are vehemently opposing my decision. They accuse me of being irresponsible, endangering not only my child but also the community at large. They argue that vaccines have been proven safe and effective, and that I'm contributing to the resurgence of preventable diseases.

So, Reddit, am I the asshole for refusing to vaccinate my child? Should I prioritize my personal beliefs and parental autonomy, or should I conform to societal norms and scientific consensus for the greater good?",15,0,0,0.2,0,<bound method VotableMixin.downvote of Submission(id='13t1s0d')>,/r/AmItheAsshole/comments/13t1s0d/aita_for_refusing_to_vaccinate_my_child/,False
75,AmItheAsshole,2023-05-27 08:13:20,smokedkillbassa,AITA for not wanting to buy my grandparents house?,"This house used to be owned by my great grandparents but they passed away when I was like 10 and we sold their SF house. This other house was inherited by my grandfather and his wife. We try to take a trip out to this house and get everyone together every summer, the house is amazing in an amazing area like 5 minutes from hot springs and the house is right on a river that has great fishing. However last summer they told everyone that they only have enough money for 5~ years and they want us to pitch in and buy the house for a cool million. Everyone just kinda mumbled answers I said nothing but my first thoughts were ‚Äúyou guys are like 90 years old and you want us to drop a ridiculous amount of money on a house that takes us 3 days to drive to all so you can live out your last few years in luxury‚Äù they even tried to bring up me using my VA loan but I lied and said I didn‚Äôt qualify. This year I couldn‚Äôt go because of work and haven‚Äôt heard any update. Im just hoping nobody gives in to this bs and we can figure out what we want to do with the house when they pass.",2,1,1,1.0,0,<bound method VotableMixin.downvote of Submission(id='13t1pck')>,/r/AmItheAsshole/comments/13t1pck/aita_for_not_wanting_to_buy_my_grandparents_house/,False
76,AmItheAsshole,2023-05-27 08:00:36,ThrowRAsisteruni,AITA for asking my bf to stop being so generous with his younger sister?,"I've seen a few similar posts on this sub with very mixed reactions, so I'm hoping you guys can help me out here. Me (27m) and my bf (28m) have been together for 6 years. He has a younger sister (19f) who's in her first year of university. My bf has been paying for her living expenses, while we've been renting in a different city. We're not rich by any stretch of the imagination, but this is defo within the bounds of our finances. However I've been arguing for about a year now that we should be cutting down on our expenses to save towards buying a house together. Atm we're renting in a city that's outrageously expensive. IMO we should buy a home just outside the city. I've done some research and mortgage in the town we're thinking of would be waaay cheaper than renting in the city, and the only real difference is we'd have to take a pretty quick train to get to work/into the city.

In theory at least, my bf agrees with this. The problem is that the belt-tightening would also involve sending a lot less money to his sister. To be clear, I'm not talking about cutting her off or anything. She still has her student loan and we'd still be sending her enough money that she can still eat and drink, and go out partying with her friends once or twice a month, as long as she doesn't go too wild. Plus if she gets a job I don't think she'd really feel the difference too badly. But my bf doesn't like this idea. To cut out a lot of irrelevant family drama, he basically got all of his university living totally subsidised by his parents before him and his sister were disowned. He thinks it's unfair for his sister to not be able to have the same uni experience that he had just because his parents are awful. He wants to make sure she doesn't have to work beyond a little Saturday job so she can experience what he experienced.

From my point of view if we cut back on our spending for a couple years or so, then not only would we have a house to our name but we'd also hopefully have more disposable income. We'd probably be able to send more money to her in the long run. A little short term sacrifice for the sake of future gain. Just to be clear, I do care about his sister and want to see her happy. I just think that this is better for everyone in the long run. Like, sure maybe her first couple years might be a little less fun but it's not as if she'll be hard done by. She'll still have all the same support as your average student, and in a couple years in we'll be able to go back to being more generous with our money. Plus the majority of the belt-tightening will be on me and my bf's end. Its not like I'm trying to make his little sister pay for our mortgage lol.

I dunno if I'm just being blockheaded here, but I really can't see what's wrong with my logic. And before anyone asks, yes I'm the autistic one in the relationship lol. If I'm genuinely in the wrong, please tell me.",14,4,4,1.0,0,<bound method VotableMixin.downvote of Submission(id='13t1hsn')>,/r/AmItheAsshole/comments/13t1hsn/aita_for_asking_my_bf_to_stop_being_so_generous/,False
77,AmItheAsshole,2023-05-27 07:54:41,Comfortable-Wolf-327,AITA for not ordering main dishes at a higher end restaurant?,"We were a party of two, with a Friday evening reservation that was made well in advance. This is in Asheville NC at a higher end Mexican restaurant. We were the only Spanish speaking customers in the restaurant and the staff helping us did not speak Spanish. We ordered and spoke in English, but I feel like we were judged for not being their ‚Äúnormal‚Äù clientele. 

We arrived on time, ordered two alcoholic drinks ($15+ each) and three appetizers ($15+ each dish) to share between the two of us. We had originally planned to eat mains as well, but the menu just didn‚Äôt look very appetizing. 

Our bill came out to $85+ dollars, and yet the server was incredibly rude with a such a condescending tone when he realized that we were only ordering appetizers and drinks that it made me start to cry. We had already had a tough day and this was just the last straw in my mood. 

Had the staff been friendlier we probably would have stayed longer and ordered a few more apps and drinks, but I wanted to be out of there as soon as possible. Are we the Aholes for not ordering mains? Is it considered rude to want to share a only few appetizers as a meal?",7,0,0,0.5,0,<bound method VotableMixin.downvote of Submission(id='13t1ee5')>,/r/AmItheAsshole/comments/13t1ee5/aita_for_not_ordering_main_dishes_at_a_higher_end/,False
78,AmItheAsshole,2023-05-27 07:53:50,-xhoneycupsx-,AITA for wanting my husband to sign his niece's birthday card?,"So I (25f) and (27m) have this niece that we both love. She is technically my husband's biological niece. His sister's daughter, but we are both very close with her. Both her parents have this job that require them to be away for weeks at a time and my husband and I take care of her when they're away. And in all honesty, it's mostly me that looks after her so I am quite attached to her. I don't have a problem with it. So her birthday is coming up on Sunday and her parents have organized a get together for it. I went out and got her birthday presents that I know she's gonna love and gonna prepare food to take over. And I also got this birthday card. I signed it with a nice message and then told my husband to sign it and he flat out refused to and said it wasn't necessary. That what I wrote is sufficient enough and I should just sign off what I wrote as being from both of us. I kinda got annoyed and asked why can't he just write her a sweet little message. It would mean so much for her to see seperate messages from either of us. Then he snapped at me saying I'm doing too much and we continued bickering over it. I gave up and stormed off to our room upset. Why is it so hard for him to just sign the damn card? It would take literally 2 minutes. I can't believe him. I love our niece so much but you would think he'd wanna be more involved in this considering she's his actual blood. AITA here? Or am I tripping?",17,0,0,0.5,0,<bound method VotableMixin.downvote of Submission(id='13t1dyu')>,/r/AmItheAsshole/comments/13t1dyu/aita_for_wanting_my_husband_to_sign_his_nieces/,False
79,AmItheAsshole,2023-05-27 07:53:15,Chikoyo_139,"AITA for not giving my money to my ""friend""","I (f16) met a girl named Alice (f15) during a house sports meeting. We exchanged greetings and had a brief conversation about school. At one point, she asked me if I could lend her $2, stating that friends should help each other. Despite feeling skeptical, I agreed and handed her $2, hoping she would forget about it.

After the meeting, Alice waited for me at the school gate, reminding me about the money. I only had a $5 bill, which I hadn't intended to give her. Alice insisted that I give her the $5 if I didn't have $2. Fortunately, I managed to find some change and gave her $2.

Following that incident, I tried to avoid Alice as much as possible. Although we occasionally crossed paths and exchanged greetings, I kept my interactions brief.

Two weeks later, during a celebration at the hall, Alice sat beside me and continued to engage me in conversation despite my attempts to disengage. While I was recording my friends' performance, Alice noticed a $50 bill in my bag. She proceeded to tell me about her financial struggles and how she wouldnt have anything to eat, and asking if I could lend her money again. I declined, explaining that the money was my allowance and that I had plans to eat out with my friends. She suggested I buy something during recess and give her $10, even proposing that I deliver food to her house. I was taken aback and didn't respond.

At the end of the celebration, Alice confronted me, expressing her frustration and hunger. She accused me of not caring after hearing her story and choosing to eat out with my friends. I retorted, reminding her that I never agreed to lend her money in the first place and that she hadn't repaid the previous loan. I asserted that I wasn't a charity service and walked away with my friends, while Alice continued to yell at me.

I shared the incident with my friends, who agreed that Alice was being unreasonable. I'm uncertain if I also acted inappropriately. I want to know if AITA too.",6,3,3,1.0,0,<bound method VotableMixin.downvote of Submission(id='13t1dma')>,/r/AmItheAsshole/comments/13t1dma/aita_for_not_giving_my_money_to_my_friend/,False
80,AmItheAsshole,2023-05-27 07:51:07,-TerrificTerror-,AITA for yelling at an eldery familymember and kicking them out of my house?,"I cannot believe i'm posting here twice under two weeks, but here we are. 

A couple of months ago one of my children (9) really got in to baking. They're doing an awesome job baking cakes, cupcakes, pies, bread, cookies,... and spending a lot of time/taking great pride in decorating them. 

Now, our family has caught wind of her passion and we have all been stimulating her dream to become a worldclass pattisier. She has been recieving ""orders"" and even when she doesn't she'll try and bake something for whoever we're seeing that day. 

Fast forward to today. We have an elderly couple in the family and she decided she was going to try cookies. As the husband of the couple is a diabetic she decided to try her hand at a sugarfree recipe so he could eat some as well. 

She spends a lot of time researching recipes, baking and decorating said cookies and when the elderly couple arrives she proudly shows off her plate and says ""look, these are sugarfree so you can have some too!""

The man looks at her like she asked him to eat fried dogshit and tells her, quite angrily but without raising his voice that she doesn't get to police what he eats and that if she wants to be a baker she'll need to ""actually get good"". 

I watched all enjoyment and pride drain from her face and her eyes teared up. Already fuming i'm walking up to my child when the man rolls his eyes, calls her ""a little baby"" and tells her that she'll also have to learn how to take critisism. 

*Now, from a parenting pov I know I fucked up, this is no example to set.* 

I absolutely lost my shit. I yelled (full on yelled) that he was to leave my house and that he wouldn't be getting the cookies even if he promised to choke on them. When he refused to leave I grabbed his arm and removed him from my house, while using some colorful language and promising he wouldn't be allowed near any part of my family ever again. They ended up leaving, leaving my child gutted and wondering what she did wrong. 

I've spent the last hour consoling her and making sure she realises she did absolutely nothing wrong and that she doesn't lose her passion for baking over this. Now messages and phonecalls are coming in, telling me I overreacted, to the extent that I am starting to wonder if I actually did. 

AITA?",7,3,3,1.0,0,<bound method VotableMixin.downvote of Submission(id='13t1cey')>,/r/AmItheAsshole/comments/13t1cey/aita_for_yelling_at_an_eldery_familymember_and/,False
81,AmItheAsshole,2023-05-27 07:50:49,InfiniteLyra,WIBTA if I plant lilies in my garden when my neighbour has cats?,"I browse this subreddit a lot and saw a post earlier that made me think about my own situation. 

I live in a row of houses, and two of these houses have pet cats. The cats are outdoor cats and I see them around the street. Occasionally one comes into our garden. I‚Äôm not home a lot so I don‚Äôt know how often or what it does in my garden. 

I recently started redoing my garden and making it pretty. I put out two plant pots of white lilies because it‚Äôs my favourite flower. However after seeing a post here I remembered that lilies are highly toxic to cats, and I started worrying about accidentally killing my neighbour‚Äôs cats. I didn‚Äôt plant these intentionally to hurt any cats; I don‚Äôt care if they come in my garden or not because I enjoy seeing animals. 
I know I‚Äôm catastrophising (pun not intended but welcome), but would I be TA if my neighbour‚Äôs cats died from my lilies? I don‚Äôt own any cats so it literally didn‚Äôt cross my mind when I planted them.

A small but related note is that I love feeding the wild birds and often have many in my garden. Could it make it look more asshole-y if it looks like I planted them on purpose to hurt the cats, given their (cats in general, not these specific ones) reputation for killing birds? Again, I‚Äôve never had an issue with these cats, but I worry how it might look to my neighbours.",5,0,0,0.5,0,<bound method VotableMixin.downvote of Submission(id='13t1c81')>,/r/AmItheAsshole/comments/13t1c81/wibta_if_i_plant_lilies_in_my_garden_when_my/,False
82,AmItheAsshole,2023-05-27 07:47:13,External-Leg-1530,AITA for not being able to give someone money?,Okay I started streaming on twitch a few month ago and anyone who has get random people offering to promote you. I had one who ask and I did tell him I couldn‚Äôt and I couldn‚Äôt afford it. He then replied he‚Äôd do it for free if I could tip him anything that be good. I then told him he could if he wanted to but I‚Äôm  not sure if I‚Äôd be able to tip him at all. I‚Äôm unemployed and was trying twitch to get some extra money help my family out. This was a few months back about a week ago he didn‚Äôt like how I never tipped him for his work when I did tell him I wasn‚Äôt sure if I ever be able to tip him before he started.  He‚Äôs just making me feel bad about it all. I‚Äôm still not affiliated or have any means of income of my own.,4,2,2,1.0,0,<bound method VotableMixin.downvote of Submission(id='13t1a64')>,/r/AmItheAsshole/comments/13t1a64/aita_for_not_being_able_to_give_someone_money/,False
83,AmItheAsshole,2023-05-27 07:40:08,RutiLant7,AITA for asking for adjustments after haircut,"So I went to a barbershop this afternoon as a walk-in and had a pretty bad experience on my end. The haircut was rushed within 10-12 minutes or so, which I realized later on was because the barber had a client 15 minutes after me. After the cut was done, I asked him to adjust my taper to a skin taper, since I mistakenly assumed both were the same. He immediately made me feel bad for wasting his time and not specifying beforehand, and then proceeded to lecture me three more times to not make the same mistake again since he has clients waiting on him.

I wanted to know if this is general etiquette or not for barbers. I feel like it‚Äôs not okay to take a walk-in that close to an appointment, but I want to see someone else‚Äôs view. Also the barbershop has generally great reviews, so i wasn‚Äôt sure if this was a one-time thing. I felt like shit afterwards and saw that some walk-in customers for other barbers in the shop were able to stay for 30-45 minutes, so I‚Äôm considering taking this up with the owner.",14,5,5,1.0,0,<bound method VotableMixin.downvote of Submission(id='13t16ar')>,/r/AmItheAsshole/comments/13t16ar/aita_for_asking_for_adjustments_after_haircut/,False
84,AmItheAsshole,2023-05-27 07:34:41,3fittyseven,AITA for wanting to get rid of my MIL?,"So a little backstory. About 7 years ago, my wife wanted to file paperwork to bring her mother to the USA. I only met my MIL twice before and she seemed ok. I loved my wife and wanted to do whatever made her happy so I helped her file the papers and both of us were listed as co-sponsors. MIL was approved and a year later she immigrated to the States and lived with us. 

I know old people have their habits and what not but it‚Äôs really getting on my nerves and after 7 years, I just can‚Äôt stand it anymore. I‚Äôve discussed it with my wife but she keeps brushing it off and telling me to ignore it and that I‚Äôm blowing it out of proportion. She would rather end our 14 year marriage then ask her mother to leave.  Am I the asshole because I initially agreed to let my MIL stay with us and now I want her gone?",16,4,4,0.75,0,<bound method VotableMixin.downvote of Submission(id='13t13bx')>,/r/AmItheAsshole/comments/13t13bx/aita_for_wanting_to_get_rid_of_my_mil/,False
85,AmItheAsshole,2023-05-27 07:33:15,Several_Drawer340,AITA for not waiting for my husband before recovering my stolen car?,"tl;dr I drove my stolen car home without waiting for my husband or the cops. Now my husband is pissed at me for not considering him and being reckless.

(Note: This post is NOT ‚ÄúAm I the Idiot‚Äù for not waiting for the COPS before recovering my car. That has already been established in vivo.)

6 days ago, my car was stolen. Today, my friend and I found my car in the parking lot of our local mall. It was a  total fluke. 

I am irrationally attached to this car. I‚Äôve owned and maintained for 11 years, including paying for a pricy head gasket job recently. I want to pass it to my daughter when she learns to drive. 

When we saw my car today, I started freaking out. I called the police and was put on hold. We waved down a mall security guard, he said to wait for the cops. I got through with the police and they said they were sending someone.

The mall guard told us the cops usually take an hour or more to show up for stolen cars, which checks out since our police force is notoriously understaffed and overburdened. Then mall guy told us that he needed to keep patrolling, and he left.

So there my friend and I were, alone with my car, wondering if the thief would come back before the cops showed up. They had made some bumpersticker adjustments and left a few backpacks inside, so our guess was that it wasn‚Äôt just abandoned. The ignition looked normal. I had the key. 

While fairly nauseous with excitement and fear, I called my husband to tell him we found it. He said he would be there soon. Then my friend suggested we try the key, and if it worked, we take the car before the thief came back. I gave them the key and sure enough, the car started. I jumped in and drove it home, shaking.

I know it was stupid and dangerous e.g. evidence destruction and drug residues. I was in full blown fight or flight reptile brain mode over an old car because I‚Äôm a deeply sentimental hack. Anyway‚Ä¶

My husband calls while I‚Äôm en route home and I tell him what‚Äôs up. I get home, call the cops, eat the crow and told them I took my car and to come to my house to do the ‚Äúrecovery.‚Äù

Remarkably, the cops showed up within half an hour. They took fingerprints, went through the contents of the car (lots of drugs ‚Äúrecovered‚Äù from the backpacks), and told me they won‚Äôt be able to prosecute the person if they can‚Äôt prove they drove my car, which will be tough since I destroyed prints by driving it. Then they leave. 

Meanwhile, my husband is brooding. We get to talking - he‚Äôs upset that I didn‚Äôt wait for him before leaving the mall and felt I didn‚Äôt consider him, and that my reckless behavior scares him on many levels. 

I explained that I wasn‚Äôt thinking rationally in my adrenalined out state, that everything happened really fast. I acknowledged it was fucking stupid of me and I made a split decision on the urging of my friend. At least now we don‚Äôt have to fret about how we‚Äôre going to afford a new car anymore‚Ä¶ yay? He‚Äôs not having it and is sleeping in another room tonight. 

AITA?",5,1,1,1.0,0,<bound method VotableMixin.downvote of Submission(id='13t12j4')>,/r/AmItheAsshole/comments/13t12j4/aita_for_not_waiting_for_my_husband_before/,False
86,AmItheAsshole,2023-05-27 07:26:56,StreetStress9216,WIBTA if I kept dating other men who are not my (38f) husband (49m)?,"Okay. This kind of long and a mess. I‚Äôm sorry.

I‚Äôve known my husband since 04. We got married in 06. We don‚Äôt have children. I never wanted them, and he always said he respected that. We travelled a lot and had a lot of fun. My husband has been my best friend and support through the years. My mother died in 2015 and that was unimaginable, but he was a rock.

Skipping ahead to last year, he out of nowhere sat me down and suggested we try an open relationship. I was thrown off. I thought our sex life was pretty good. His libido is higher than mine, and he initiates more than half the time but there‚Äôs nothing I wouldn‚Äôt do to please him sexually. 

I was hesitant but eventually agreed to it. We established rules and I started reading up on polyamory. The rules were that he couldn‚Äôt have anyone in our bed and he always used protection. I didn‚Äôt have rules cause I didn‚Äôt plan on seeing anyone else.

You could probably guess by the title that I changed my mind. I joined the apps. I told my husband and he was confused and genuinely curious about what I could want to gain from this. I said I wanted to explore. The books I‚Äôd been reading opened my mind to a whole new world. Reluctantly, he gave me permission to see other men with the same rules I gave him: no hosting, protection.

I started noticing how inquisitive he was about what I was doing and who I was seeing. He asked me if I was seeing men repeatedly or just having ons‚Äôs. I told him that, while I wasn‚Äôt completely comfortable going into detail, I could say that I was seeing someone pretty regularly. He pushed it again and was curious about what we do together. I told him that I‚Äôve been exploring kink with this guy, and it makes me feel empowered.

That was that. Until a few days later when he told me that he thinks we should become exclusive again. Reddit, I‚Äôm PISSED. I flat out told him no, that this feels unfair. He said the fact that I‚Äôm letting men ‚Äútie me up and violate me‚Äù bothers him immensely. I assured him everything was safe. He didn‚Äôt care.

The last conversation we had, which was this morning, was him giving me an ultimatum that if I go on anymore dates before we sort this out, I can find a divorce lawyer. I have a weekend trip planned (that‚Äôs been booked for weeks and paid up) with my guy next weekend. WIBTA if I went anyway?",49,5,5,0.73,0,<bound method VotableMixin.downvote of Submission(id='13t0yzg')>,/r/AmItheAsshole/comments/13t0yzg/wibta_if_i_kept_dating_other_men_who_are_not_my/,False
87,AmItheAsshole,2023-05-27 07:19:33,YoYowhatsupman123,AITA for wanting a team-mate off our competitive sport team,"Long story short we started playing a team sport (volleyball) initially socially but with intent to play competitively. One of the team members who  I will call John joined our team through another team-mate. 

We play competitive once a week but train three times a week. Training is much more of a social and informal thing as well. 

John only comes on the competitive nights and does not attend the training sessions, whilst the other team members attend the competitive nights and the training sessions.

The team has expressed that they are frustrated with John as he comes every week to the competitions but does not attend training. He is also very new to the sport, not playing much at all previously, and making bad plays and making us lose games and lose points consistently. We do have to pay a fee every week so we feel that we are wasting our money. 

I privately messaged John suggesting he attends the social/training nights only if he does enjoy the sport, as this is more informal and casual instead of the competitive nights. I included in the message that as a team we were a bit frustrated with his performance. John didn‚Äôt reply to the message and suddenly stopped showing up to the sport all together, but has been messaging other team-members that he feels like a let down and thus does not want to come anymore. 

I do feel bad in this situation, and it may be because of my competitive nature, but I think it only makes sense to attend the training/social nights if you are only going to play the sport casually. 

What do you guys think?

ADD-IT:

John has also been going around telling people that he ‚Äòoverheard me‚Äô telling other people behind his back that he is a let down when I clearly private messaged him about the situation but he just did not respond, which is now making me look like a bad person.",8,6,6,1.0,0,<bound method VotableMixin.downvote of Submission(id='13t0unx')>,/r/AmItheAsshole/comments/13t0unx/aita_for_wanting_a_teammate_off_our_competitive/,False
88,mildlyinfuriating,2023-05-27 08:25:13,lHateMyselflol,(unless it‚Äôs a ‚Äúglitch‚Äù) Transfermarkt is no longer usable while connected to any of ExpressVPN‚Äôs VPN Locations‚Ä¶,You have to disconnect to be able to use the site now‚Ä¶,0,1,1,0.99,0,<bound method VotableMixin.downvote of Submission(id='13t1vx4')>,/r/mildlyinfuriating/comments/13t1vx4/unless_its_a_glitch_transfermarkt_is_no_longer/,False
89,mildlyinfuriating,2023-05-27 08:25:06,Major_Tomatillo_6036,little brother left a shit stain on my towel,,0,1,1,1.0,0,<bound method VotableMixin.downvote of Submission(id='13t1vuo')>,/r/mildlyinfuriating/comments/13t1vuo/little_brother_left_a_shit_stain_on_my_towel/,False
90,mildlyinfuriating,2023-05-27 07:47:28,Wellover,Pepperidge farm remembers,"We have this currently going in Finland, that you can't share your account anymore unless you live under the same ip.",3,19,19,1.0,0,<bound method VotableMixin.downvote of Submission(id='13t1abo')>,/r/mildlyinfuriating/comments/13t1abo/pepperidge_farm_remembers/,False
91,mildlyinfuriating,2023-05-27 07:33:49,pingusaysnoot,Bought a bag and saved it all week for a Friday night treat and husband had already opened and left me 8..,,6,12,12,0.93,0,<bound method VotableMixin.downvote of Submission(id='13t12uf')>,/r/mildlyinfuriating/comments/13t12uf/bought_a_bag_and_saved_it_all_week_for_a_friday/,False
92,mildlyinfuriating,2023-05-27 07:23:19,cyndasaurus_rex,Who does this?!,"I love my husband but he doesn‚Äôt ever take a while melatonin at a time. When I take it, I do. This is what was in the bottle.",5,0,0,0.5,0,<bound method VotableMixin.downvote of Submission(id='13t0wxg')>,/r/mildlyinfuriating/comments/13t0wxg/who_does_this/,False
93,mildlyinfuriating,2023-05-27 07:17:28,crilen,Bug is interested in my crosshair..,,0,3,3,0.8,0,<bound method VotableMixin.downvote of Submission(id='13t0tks')>,/r/mildlyinfuriating/comments/13t0tks/bug_is_interested_in_my_crosshair/,False
94,mildlyinfuriating,2023-05-27 07:14:59,arztnur,"A government employee's phone fell into the dam, which even a diver could not retrieve, so he drove the motor continuously for 3 days and threw out 2.1 lakh water, which could have irrigated 1500 acres of agricultural land.",,2,5,5,0.78,0,<bound method VotableMixin.downvote of Submission(id='13t0s4i')>,/r/mildlyinfuriating/comments/13t0s4i/a_government_employees_phone_fell_into_the_dam/,False
95,mildlyinfuriating,2023-05-27 07:14:03,sixblad_e,My wife bought new inlays for our kitchen drawer but did‚Äônt bother to cut hem so they fit properly.,How can people do this?,1,3,3,1.0,0,<bound method VotableMixin.downvote of Submission(id='13t0rmn')>,/r/mildlyinfuriating/comments/13t0rmn/my_wife_bought_new_inlays_for_our_kitchen_drawer/,False
96,mildlyinfuriating,2023-05-27 07:09:44,slax87,"Big o‚Äô sink. Faucet 1"" from the side of it. @ my hotel.",,1,3,3,0.8,0,<bound method VotableMixin.downvote of Submission(id='13t0p32')>,/r/mildlyinfuriating/comments/13t0p32/big_o_sink_faucet_1_from_the_side_of_it_my_hotel/,False
97,mildlyinfuriating,2023-05-27 07:03:35,osp336,This is just a big roll of toilet paper without the cuts. Only one is like that.,,0,7,7,1.0,0,<bound method VotableMixin.downvote of Submission(id='13t0lm7')>,/r/mildlyinfuriating/comments/13t0lm7/this_is_just_a_big_roll_of_toilet_paper_without/,False
98,mildlyinfuriating,2023-05-27 06:59:50,That-Guy-Jose,Box of football cards has only one pack,"Recently decided to get into buying packs of football cards. On my second ever buy I bought this box for $30 and instead of five packs of cards, it came with one. They won‚Äôt let me return as all sport card sales are final and so far no luck with the manufacturer.",2,1,1,0.6,0,<bound method VotableMixin.downvote of Submission(id='13t0iz0')>,/r/mildlyinfuriating/comments/13t0iz0/box_of_football_cards_has_only_one_pack/,False
99,mildlyinfuriating,2023-05-27 06:36:29,SolsticeSon,My gf got the wrong measurements for a couch we drove an hour to pick up‚Ä¶ But I made it work.,,4,11,11,0.87,0,<bound method VotableMixin.downvote of Submission(id='13t052j')>,/r/mildlyinfuriating/comments/13t052j/my_gf_got_the_wrong_measurements_for_a_couch_we/,False
100,mildlyinfuriating,2023-05-27 06:35:34,Derp115LisNEAR,These frozen pretzels I bought were covered in mold,,2,0,0,0.4,0,<bound method VotableMixin.downvote of Submission(id='13t04j2')>,/r/mildlyinfuriating/comments/13t04j2/these_frozen_pretzels_i_bought_were_covered_in/,False
101,mildlyinfuriating,2023-05-27 06:19:14,Thackham,"Shooting an event, a wild boomer approaches laughing, ‚ÄúYou‚Äôre going to kick yourself darling, we‚Äôve been watching you getting all your fancy shots, but sorry to say your lens cap has been on the whole time! Hahahaha!‚Äù It‚Äôs an ND filter.",,6,25,25,0.77,0,<bound method VotableMixin.downvote of Submission(id='13szupb')>,/r/mildlyinfuriating/comments/13szupb/shooting_an_event_a_wild_boomer_approaches/,False
102,mildlyinfuriating,2023-05-27 06:14:25,Kukkimonsta,Toilet placement,"Had to run to back of building to pee,",0,8,8,0.91,0,<bound method VotableMixin.downvote of Submission(id='13szrpj')>,/r/mildlyinfuriating/comments/13szrpj/toilet_placement/,False
